{
  "labels": [
    "2x20",
    "2x50",
    "2x80",
    "3x20",
    "3x50",
    "3x80",
    "4x20",
    "4x50",
    "4x80",
    "5x20",
    "5x50",
    "5x80",
    "2x110",
    "3x110",
    "4x110",
    "5x110",
    "6x20",
    "6x50",
    "6x80",
    "7x20",
    "7x50",
    "7x80",
    "8x20",
    "8x50",
    "8x80",
    "2x140",
    "3x140",
    "4x140",
    "5x140"
  ],
  "metrics": {
    "a_star": {
      "execution_time": [
        0.0003135182,
        0.000147315,
        0.00009455920000000001,
        0.0005259536,
        0.003505419,
        0.00392989,
        0.000038538800000000004,
        0.0003366752,
        0.016300800999999997,
        0.0000634442,
        0.0020791914,
        0.032244711800000006,
        0.00005715539999999999,
        0.003757951,
        0.1351055444,
        0.08679156219999999,
        0.000846875,
        0.00354166,
        0.034512283,
        0.0008627186666666666,
        0.004762222666666666,
        0.039971219333333335,
        0.000396567,
        0.003234912666666667,
        0.007013208,
        0.000015484333333333334,
        0.0017772240000000002,
        0.18345285733333336,
        0.11162550233333335
      ],
      "memory_usage": [
        0.38264312744140627,
        0.34848480224609374,
        0.35139007568359376,
        0.3669219970703125,
        0.6509368896484375,
        1.4660202026367188,
        0.7219955444335937,
        1.2025070190429688,
        13.189634704589844,
        12.807136535644531,
        1.896533203125,
        38.1983154296875,
        0.37767486572265624,
        0.6982376098632812,
        47.034959411621095,
        84.14981689453126,
        0.499420166015625,
        0.9765548706054688,
        6.9640045166015625,
        1.3421351114908855,
        2.9864603678385415,
        11.144076029459635,
        5.051470438639323,
        9.96050771077474,
        3.578160603841146,
        0.4111277262369792,
        1.4048843383789062,
        57.54304758707682,
        64.09192657470703
      ],
      "nodes_expanded": [
        4,
        4,
        5,
        9,
        97,
        383,
        10,
        99,
        4207,
        12,
        439,
        7212,
        6,
        152,
        33820,
        20933,
        12,
        70,
        1294,
        9,
        107,
        1930,
        12,
        214,
        572,
        8,
        440,
        38189,
        23974
      ],
      "path_length": [
        3,
        3,
        4,
        6,
        14,
        18,
        8,
        12,
        22,
        9,
        26,
        27,
        4,
        18,
        28,
        34,
        8,
        19,
        33,
        8,
        22,
        28,
        8,
        28,
        40,
        4,
        21,
        29,
        37
      ]
    },
    "rbfs": {
      "execution_time": [
        0.0002249658,
        0.00022908639999999996,
        0.0002070614,
        0.0004923744,
        0.0141736362,
        0.1467112434,
        0.0000313392,
        0.006733647800000001,
        0.22063072300000003,
        0.000037567,
        0.0736040416,
        3.2090638524,
        0.00036175660000000007,
        0.007835669200000001,
        22.700712191,
        21.266309532,
        0.0006725289999999999,
        0.0022164806666666666,
        0.21980435033333334,
        0.000438073,
        0.0042157363333333335,
        2.010866886666667,
        0.00011245066666666665,
        0.028096053666666673,
        0.4812654783333333,
        0.00007328666666666667,
        0.015354204666666668,
        3.883284793666667,
        1.9671132909999998
      ],
      "memory_usage": [
        0.34574432373046876,
        0.35009765625,
        0.3638458251953125,
        0.3918060302734375,
        1.1560775756835937,
        4.758091735839844,
        0.7109222412109375,
        2.635728454589844,
        7.729283142089844,
        9.845561218261718,
        8.672312927246093,
        29.43213348388672,
        0.367559814453125,
        1.8235870361328126,
        25.327609252929687,
        25.022969055175782,
        0.5022125244140625,
        1.2429758707682292,
        2.4713160196940103,
        1.4924723307291667,
        3.3604888916015625,
        3.4464111328125,
        5.129315694173177,
        5.851407368977864,
        2.4286829630533853,
        0.3924001057942708,
        5.5872344970703125,
        4.6105194091796875,
        2.3769556681315103
      ],
      "nodes_expanded": [
        3,
        3,
        4,
        6,
        3689,
        89249,
        9,
        2859,
        105882,
        10,
        27778,
        648529,
        4,
        971,
        10483115,
        8290944,
        9,
        83,
        59555,
        8,
        149,
        313979,
        11,
        4497,
        73162,
        4,
        4470,
        2025862,
        744396
      ],
      "path_length": [
        3,
        3,
        4,
        6,
        14,
        18,
        8,
        12,
        22,
        9,
        26,
        27,
        4,
        18,
        28,
        34,
        8,
        19,
        33,
        8,
        22,
        28,
        8,
        28,
        40,
        4,
        21,
        29,
        37
      ]
    }
  }
}